2,JVP2,TRUE
3,JVP3,TRUE
4,JVP4,TRUE
5,JVP5,TRUE
6,JVP6,TRUE
7,JVP7,TRUE
8,JVP8,TRUE
13,JVP13,TRUE
14,JVP14,FALSE
15,JVP15,FALSE
16,JVP16,TRUE
17,JVP17,TRUE
18,JVP18,FALSE
19,JVP19,FALSE
20,JVP20,FALSE
21,JVP21,FALSE
22,JVP22,FALSE
28,JVP28,TRUE
29,JVP29,TRUE
30,JVP30,TRUE
31,JVP31,FALSE
32,JVP32,FALSE
33,JVP33,TRUE
35,JVP35,TRUE
38,JVP38,TRUE
39,JVP39,FALSE
40,JVP40,TRUE
42,JVP42,FALSE
43,JVP43,FALSE
44,JVP44,FALSE
46,JVP46,TRUE
50,JVP50,TRUE
51,JVP51,TRUE
52,JVP52,TRUE
53,JVP53,TRUE
56,JVP56,FALSE
58,JVP58,TRUE
59,JVP59,TRUE
62,JVP62,FALSE
64,JVP64,TRUE
71,JVP71,TRUE
77,JVP77,TRUE
79,JVP79,TRUE
82,JVP82,FALSE
83,JVP83,TRUE
90,JVP90,FALSE
94,JVP94,FALSE
96,JVP96,FALSE
97,JVP97,FALSE
98,JVP98,FALSE
102,JVP102,FALSE
104,JVP104,FALSE
112,JVP112,FALSE
114,JVP114,FALSE
116,JVP116,TRUE
118,JVP118,FALSE
123,JVP123,FALSE
130,JVP130,TRUE
132,JVP132,FALSE
135,JVP135,FALSE
141,JVP141,TRUE
142,JVP142,FALSE
147,JVP147,FALSE
149,JVP169,FALSE
150,JVP150,FALSE
152,JVP152,FALSE
153,JVP153,FALSE
154,JVP154,TRUE
157,JVP157,FALSE
158,JVP158,FALSE
159,JVP159,FALSE
160,JVP160,FALSE
161,JVP161,FALSE
164,JVP164,FALSE
165,JVP165,TRUE
167,JVP167,FALSE
169,JVP169,FALSE
172,JVP172,FALSE
174,JVP174,FALSE
175,JVP175,FALSE
178,JVP178,FALSE
179,JVP179,FALSE
181,JVP181,FALSE
182,JVP182,FALSE
183,JVP183,FALSE
185,JVP185,FALSE
186,JVP186,FALSE
187,JVP187,TRUE
188,JVP188,TRUE
189,JVP189,FALSE
192,JVP192,FALSE
193,JVP193,FALSE
194,JVP194,FALSE
195,JVP195,TRUE
197,JVP197,FALSE
200,JVP200,FALSE
1108,JVPXX2,FALSE
1109,JVPXX,FALSE
1110,Yksityinen pumppaamo,FALSE
